month,location,net_sales_usd,total_sales_usd,order_count,avg_order_value_usd
2024-01,Puente Coffee Co.,985.33,1267.28,150,6.57
2024-02,Puente Coffee Co.,4383.82,5587.66,537,8.16
2024-03,Puente Coffee Co.,6570.48,8292.69,766,8.58
2024-04,Puente Coffee Co.,8148.3,10183.72,922,8.84
2024-05,Puente Coffee Co.,7465.82,9354.83,800,9.33
2024-06,Puente Coffee Co.,8255.8,10203.37,865,9.54
2024-07,Puente Coffee Co.,8346,10496.03,879,9.49
2024-08,Puente Coffee Co.,8754.81,10864.13,896,9.77
2024-09,Puente Coffee Co.,11439.6,14215.82,1153,9.92
2024-10,Puente Coffee Co.,13479.58,16687.68,1372,9.82
2024-11,Puente Coffee Co.,14830.17,18375.48,1452,10.21
2024-12,Puente Coffee Co.,10736.98,13460.73,990,10.85
2025-01,Puente Coffee Co.,8648.16,10632.87,857,10.09
2025-02,Puente Coffee Co.,7983.33,9896.4,833,9.58
2025-03,Puente Coffee Co.,11219.06,13813.54,1088,10.31
2025-04,Puente Coffee Co.,10848.9,13528.57,1092,9.93
2025-05,Puente Coffee Co.,8749.83,10855.34,887,9.86
2025-06,Puente Coffee Co.,7617.55,9435.61,772,9.87
2025-07,Puente Coffee Co.,7625.86,9418.18,773,9.87
2025-08,Puente Coffee Co.,7494.26,9257.27,756,9.91
2025-09,Puente Coffee Co.,6390.3,7954.08,680,9.4
2025-10,Puente Coffee Co.,381.55,482.05,64,5.96
2025-11,Puente Coffee Co.,0,0,0,0
2025-12,Puente Coffee Co.,0,20,1,0
2026-01,Puente Coffee Co.,0,0,0,0
2026-02,Puente Coffee Co.,0,0,0,0
2026-03,Puente Coffee Co.,0,0,0,0
2026-04,Puente Coffee Co.,0,0,0,0
2026-05,Puente Coffee Co.,0.5,0.58,1,0.5
2026-06,Puente Coffee Co.,3139.6,3998.45,353,8.89
2026-07,Puente Coffee Co.,5750.64,7154,520,11.06
2026-08,Puente Coffee Co.,6874.76,8596.88,618,11.12
2026-09,Puente Coffee Co.,9472.36,11718.04,819,11.57
2026-10,Puente Coffee Co.,3433.84,4197.92,345,9.95
2024-09,Pop Up Coffee Stand,625.55,679.17,80,7.82
