item_name,category,net_sales_usd,units_sold
Latte,Espresso,43542.19,6978
Iced Latte,Espresso,37463.66,5624
Cold Brew,Coffee,10476.95,1792
Matcha Latte,Anti-Coffee,8860.7,1345
Drip,Coffee,8595.48,2262
Cappuccino,Espresso,7270.54,1493
Flat White,Espresso,7150.86,1544
Americano,Espresso,5059.47,983
Chai Latte,Anti-Coffee,4703.93,697
Iced Americano,Espresso,4170.88,869
Cortado,Espresso,4141.11,940
Iced Mocha,Espresso,4030.02,607
Mocha,Espresso,3283.81,542
Iced Vanilla Latte + Ube Cold Foam,Monthly Specials,2776.79,350
Hot Chocolate,Anti-Coffee,2567.76,795
Double Espresso,Espresso,2432.15,645
Pumpkin Spice Latte,Monthly Specials,1458.5,214
Pumpkin Muffins,Cake Crusader,1194,301
Iced Pumpkin Spice Latte,Monthly Specials,1158.14,160
Iced Pistachio Pandan Latte,Monthly Specials,1134.95,148
