day_of_week,hour_local,net_sales_usd,order_count
Saturday,9,14059.88,1307
Sunday,9,12857.94,1174
Sunday,10,11212.87,1081
Saturday,10,11174.26,1063
Saturday,8,10315.94,950
Sunday,8,9994.07,915
Friday,8,9627.67,958
Friday,9,8321.15,838
Sunday,11,7474.47,695
Thursday,9,7161.96,734
Monday,9,6761.47,729
Saturday,11,6691.84,650
Thursday,8,6034.79,649
Friday,10,5431.04,526
Wednesday,8,5429.83,621
Monday,8,5305.07,601
Tuesday,9,5018.95,541
Wednesday,9,4879.52,563
Tuesday,8,4483.57,540
Monday,10,4334.94,479
Thursday,10,4175.71,450
Saturday,12,4036.45,417
Sunday,12,3922.03,376
Friday,7,3532.8,358
Tuesday,10,3097.39,332
Wednesday,10,2879.36,327
Monday,11,2712.7,300
Thursday,7,2700.85,313
Saturday,7,2667.31,273
Friday,11,2656.78,281
Thursday,11,2388.9,256
Wednesday,7,2273.06,251
Saturday,13,2240.31,215
Monday,7,2207.38,259
Wednesday,11,1813.6,205
Tuesday,7,1789.46,208
Friday,12,1654.68,178
Tuesday,11,1586.92,178
Friday,13,1358.42,119
Thursday,12,1067.78,125
Thursday,13,537.3,68
Monday,12,378.9,44
Sunday,7,221.85,20
Sunday,13,181.23,26
Tuesday,12,119.25,11
Monday,13,108.45,14
Wednesday,18,80,2
Saturday,6,70.25,8
Thursday,22,70,5
Wednesday,6,69.3,10
Friday,6,66.39,9
Sunday,14,63.5,6
Wednesday,12,55.35,8
Saturday,23,36.6,1
Thursday,6,36.25,4
Thursday,21,32.4,2
Monday,6,32,3
Sunday,15,30.75,4
Thursday,20,28.35,2
Tuesday,6,21.15,3
Thursday,14,19,4
Friday,5,16.5,1
Friday,14,14,1
Saturday,14,11.5,3
Thursday,15,9,5
Wednesday,23,7.5,1
Tuesday,20,7.25,1
Wednesday,3,6.5,1
Monday,22,6.45,1
Tuesday,13,3.4,3
Monday,19,0.5,1
Monday,15,0.5,1
Thursday,16,0.5,1
Thursday,17,0.5,1
Sunday,16,0,1
Friday,22,0,1
Saturday,22,0,1
Tuesday,18,0,1
Monday,20,0,1
Thursday,18,-2.25,4
Tuesday,22,-6,1
Saturday,16,-14.5,1
