category,net_sales_usd,pct_of_item_sales
Espresso,119715.03,56.92
Monthly Specials,22569.18,10.73
Anti-Coffee,19196.5,9.13
Coffee,19159.63,9.11
Roasted Coffee,9189.56,4.37
Cake Crusader,7658.9,3.64
Coffee Canisters,4834.7,2.3
Uncategorized,2906.75,1.38
Pastry,1308.25,0.62
Abby Jane Pastries,807.9,0.38
Quacks Pastries,773.49,0.37
Kids Menu,719,0.34
Merch,560,0.27
Hot Tea,378.12,0.18
Pastries,319.3,0.15
Snacks,129.6,0.06
Easy Tiger Pastries,52,0.02
Canned and Bottled Drinks,33,0.02
House Sodas,16,0.01
